country_code,year,medal_count,country_name,gdp,athlete_count,ratio
AFG,2008,1,Afghanistan,10190529882.4878,4,0.25
AFG,2012,1,Afghanistan,20536542736.7297,6,0.16666666666666666
ARG,1964,1,Argentina,25605249381.7597,170,0.0058823529411764705
ARG,1968,2,Argentina,26436857247.4982,144,0.013888888888888888
ARG,1972,1,Argentina,34733000536.2862,129,0.007751937984496124
ARG,1988,13,Argentina,126206817196.091,179,0.07262569832402235
ARG,1992,2,Argentina,228788617201.696,157,0.012738853503184714
ARG,1996,20,Argentina,272149750000,221,0.09049773755656108
ARG,2000,20,Argentina,284203750000,165,0.12121212121212122
ARG,2004,49,Argentina,164657930452.787,179,0.2737430167597765
ARG,2008,51,Argentina,361558037110.419,145,0.35172413793103446
ARG,2012,19,Argentina,545982375701.128,148,0.12837837837837837
ARG,2016,22,Argentina,545476103427.247,232,0.09482758620689655
ARM,1996,2,Armenia,1596968913.27897,38,0.05263157894736842
ARM,2000,1,Armenia,1911563665.39006,26,0.038461538461538464
ARM,2008,6,Armenia,11662040713.8753,26,0.23076923076923078
ARM,2012,3,Armenia,10619320048.5857,31,0.0967741935483871
ARM,2016,4,Armenia,10572298341.5618,34,0.11764705882352941
AUS,1960,46,Australia,18593347519.3191,318,0.14465408805031446
AUS,1964,44,Australia,23787658192.4068,406,0.10837438423645321
AUS,1968,51,Australia,32687870982.1929,231,0.22077922077922077
AUS,1972,20,Australia,52003504672.8972,278,0.07194244604316546
AUS,1976,23,Australia,104974158578.092,293,0.07849829351535836
AUS,1980,13,Australia,149887465181.059,209,0.06220095693779904
AUS,1984,52,Australia,193503894222.061,357,0.14565826330532214
AUS,1988,35,Australia,236135768335.274,375,0.09333333333333334
AUS,1992,57,Australia,325692532492.502,431,0.13225058004640372
AUS,1996,132,Australia,401819423368.74,550,0.24
AUS,2000,183,Australia,415446209885.072,788,0.23223350253807107
AUS,2004,157,Australia,613329776639.636,601,0.2612312811980033
AUS,2008,149,Australia,1055334825425.25,570,0.2614035087719298
AUS,2012,114,Australia,1538194473087.23,514,0.22178988326848248
AUS,2016,82,Australia,1204616439828.41,518,0.1583011583011583
AUT,1960,3,Austria,6592693841.18495,240,0.0125
AUT,1968,5,Austria,12440625312.8685,171,0.029239766081871343
AUT,1972,3,Austria,22059612417.4058,211,0.014218009478672985
AUT,1976,1,Austria,42959976068.1138,189,0.005291005291005291
AUT,1980,5,Austria,82058912465.4329,158,0.03164556962025317
AUT,1984,3,Austria,67985345161.9558,235,0.01276595744680851
AUT,1988,1,Austria,133339397080.129,249,0.004016064257028112
AUT,1992,6,Austria,195078126346.106,248,0.024193548387096774
AUT,1996,3,Austria,237250948791.266,92,0.03260869565217391
AUT,2000,4,Austria,196799778883.361,114,0.03508771929824561
AUT,2004,8,Austria,300904221504.842,92,0.08695652173913043
AUT,2008,3,Austria,430294287388.311,93,0.03225806451612903
AUT,2016,2,Austria,390799991147.468,85,0.023529411764705882
AZE,1996,1,Azerbaijan,3176749593.11788,24,0.041666666666666664
AZE,2000,3,Azerbaijan,5272617196.04517,32,0.09375
AZE,2004,5,Azerbaijan,8680472168.51531,37,0.13513513513513514
AZE,2008,7,Azerbaijan,48852482960.0779,44,0.1590909090909091
AZE,2012,10,Azerbaijan,69684317718.9409,59,0.1694915254237288
AZE,2016,18,Azerbaijan,37847715736.0406,69,0.2608695652173913
BDI,1996,1,Burundi,869033856.317093,7,0.14285714285714285
BDI,2016,1,Burundi,3007029030.4001,10,0.1
BEL,1960,4,Belgium,11658722590.99,150,0.02666666666666667
BEL,1964,3,Belgium,15960106680.6732,85,0.03529411764705882
BEL,1968,3,Belgium,21376353113.475,106,0.02830188679245283
BEL,1972,2,Belgium,37408591329.8506,109,0.01834862385321101
BEL,1976,9,Belgium,71494539498.4326,160,0.05625
BEL,1980,1,Belgium,127508202372.741,90,0.011111111111111112
BEL,1984,5,Belgium,83795680815.4147,95,0.05263157894736842
BEL,1988,2,Belgium,163167853538.124,86,0.023255813953488372
BEL,1992,3,Belgium,236038384441.656,110,0.02727272727272727
BEL,1996,6,Belgium,281358175895.766,81,0.07407407407407407
BEL,2000,7,Belgium,237904919845.218,94,0.07446808510638298
BEL,2004,3,Belgium,370885026074,70,0.04285714285714286
BEL,2008,5,Belgium,518625897172.99,112,0.044642857142857144
BEL,2012,3,Belgium,497884216568.867,142,0.02112676056338028
BEL,2016,21,Belgium,467955709817.539,138,0.15217391304347827
BLR,1996,23,Belarus,14756861538.4615,259,0.0888030888030888
BLR,2000,22,Belarus,12736856827.9847,231,0.09523809523809523
BLR,2004,15,Belarus,23141587717.7633,192,0.078125
BLR,2008,29,Belarus,60763483146.0674,237,0.12236286919831224
BLR,2012,23,Belarus,65685102554.8759,185,0.12432432432432433
BLR,2016,12,Belarus,47407217531.162,142,0.08450704225352113
BRA,1960,13,Brazil,15165569912.5199,86,0.1511627906976744
BRA,1964,12,Brazil,21211892259.9904,65,0.18461538461538463
BRA,1968,4,Brazil,33875881876.3672,89,0.0449438202247191
BRA,1972,2,Brazil,58539008786.3684,104,0.019230769230769232
BRA,1976,3,Brazil,152678020452.829,89,0.033707865168539325
BRA,1980,9,Brazil,235024598983.261,149,0.06040268456375839
BRA,1984,36,Brazil,209023912696.839,197,0.18274111675126903
BRA,1988,23,Brazil,330397381998.489,233,0.09871244635193133
BRA,1992,14,Brazil,400599250000,249,0.05622489959839357
BRA,1996,63,Brazil,850425828275.793,251,0.250996015936255
BRA,2000,48,Brazil,655421153320.579,236,0.2033898305084746
BRA,2004,40,Brazil,669316239316.239,318,0.12578616352201258
BRA,2008,78,Brazil,1695824517395.57,338,0.23076923076923078
BRA,2012,59,Brazil,2465188674415.03,306,0.19281045751633988
BRA,2016,50,Brazil,1796186586414.45,583,0.08576329331046312
BRN,2012,1,Brunei Darussalam,19048495518.5659,14,0.07142857142857142
BRN,2016,2,Brunei Darussalam,11400653731.9916,33,0.06060606060606061
CAN,1960,9,Canada,41093453544.9096,215,0.04186046511627907
CAN,1964,5,Canada,48882938810.2204,289,0.01730103806228374
CAN,1968,10,Canada,70759031841.7237,402,0.024875621890547265
CAN,1972,11,Canada,113082820992.019,429,0.02564102564102564
CAN,1976,23,Canada,206575564401.623,640,0.0359375
CAN,1984,87,Canada,355372558103.621,663,0.13122171945701358
CAN,1988,23,Canada,507354351182.254,693,0.03318903318903319
CAN,1992,44,Canada,592387689252.916,631,0.06973058637083994
CAN,1996,50,Canada,628546387972.131,408,0.12254901960784313
CAN,2000,31,Canada,742293448252.643,422,0.07345971563981042
CAN,2004,17,Canada,1023196003074.56,391,0.043478260869565216
CAN,2008,35,Canada,1549131208997.19,449,0.0779510022271715
CAN,2012,55,Canada,1824288757447.57,354,0.1553672316384181
CAN,2016,69,Canada,1529760492201.35,405,0.17037037037037037
CHI,2000,17,Channel Islands,6439703434.71024,58,0.29310344827586204
CHI,2004,4,Channel Islands,8553643354.08275,29,0.13793103448275862
CHN,1984,74,China,259946510957.143,393,0.18829516539440203
CHN,1988,52,China,312353631207.819,442,0.11764705882352941
CHN,1992,82,China,426915712711.146,468,0.1752136752136752
CHN,1996,106,China,863746717503.789,438,0.2420091324200913
CHN,2000,79,China,1211346869605.24,414,0.19082125603864733
CHN,2004,94,China,1955347004963.27,518,0.18146718146718147
CHN,2008,184,China,4598206091384,730,0.25205479452054796
CHN,2012,125,China,8560547314679.28,479,0.2609603340292276
CHN,2016,113,China,11199145157649.2,499,0.22645290581162325
CIV,1984,1,Cote d'Ivoire,6841638714.5454,18,0.05555555555555555
CIV,2016,2,Cote d'Ivoire,36372613022.942,15,0.13333333333333333
CMR,1968,1,Cameroon,1053077155.17925,5,0.2
CMR,1984,1,Cameroon,7801858825.18416,56,0.017857142857142856
CMR,2000,18,Cameroon,10083937740.0624,39,0.46153846153846156
CMR,2004,1,Cameroon,17430933517.2998,19,0.05263157894736842
CMR,2008,1,Cameroon,26409781215.1844,32,0.03125
COL,1972,3,Colombia,8671358732.68486,75,0.04
COL,1984,1,Colombia,38253120737.9671,48,0.020833333333333332
COL,1988,1,Colombia,39212550050.4223,57,0.017543859649122806
COL,1992,1,Colombia,49279585355.0948,61,0.01639344262295082
COL,2000,1,Colombia,99886577330.7271,54,0.018518518518518517
COL,2004,2,Colombia,117074863821.85,71,0.028169014084507043
COL,2008,2,Colombia,243982436734.233,90,0.022222222222222223
COL,2012,8,Colombia,369659697842.885,120,0.06666666666666667
COL,2016,8,Colombia,282462551366.878,157,0.050955414012738856
CUB,1972,22,Cuba,8135150891.92025,201,0.10945273631840796
CUB,1976,24,Cuba,13789579902.5579,194,0.12371134020618557
CUB,1980,20,Cuba,19912889861.1111,288,0.06944444444444445
CUB,1992,69,Cuba,22085858243.2432,196,0.3520408163265306
CUB,1996,55,Cuba,25017300000,178,0.3089887640449438
CUB,2000,65,Cuba,30565400000,271,0.23985239852398524
CUB,2004,62,Cuba,38203000000,177,0.3502824858757062
CUB,2008,47,Cuba,60806300000,171,0.27485380116959063
CUB,2012,14,Cuba,73141000000,118,0.11864406779661017
CYP,2012,1,Cyprus,25041372221.5084,13,0.07692307692307693
CZE,1996,13,Czech Republic,66985765439.1937,169,0.07692307692307693
CZE,2000,9,Czech Republic,61649492816.5201,162,0.05555555555555555
CZE,2004,13,Czech Republic,119162172468.268,171,0.07602339181286549
CZE,2008,7,Czech Republic,235718586901.129,158,0.04430379746835443
CZE,2012,14,Czech Republic,207376427020.815,159,0.0880503144654088
CZE,2016,15,Czech Republic,195305084919.138,135,0.1111111111111111
DJI,1988,1,Djibouti,395794538.630775,6,0.16666666666666666
DOM,1984,1,Dominican Republic,10330399700,24,0.041666666666666664
DOM,2004,1,Dominican Republic,22039232609.9553,33,0.030303030303030304
DOM,2008,2,Dominican Republic,48288967303.4896,27,0.07407407407407407
DOM,2012,2,Dominican Republic,60613645121.3529,36,0.05555555555555555
DOM,2016,1,Dominican Republic,71583553487.5646,30,0.03333333333333333
ECU,1996,1,Ecuador,25226393196.5983,28,0.03571428571428571
ECU,2008,1,Ecuador,61762635000,26,0.038461538461538464
EGY,1984,1,"Egypt, Arab Rep.",30642873038.0563,151,0.006622516556291391
EGY,2004,5,"Egypt, Arab Rep.",78845185293.4964,104,0.04807692307692308
EGY,2008,1,"Egypt, Arab Rep.",162818181818.182,116,0.008620689655172414
EGY,2012,2,"Egypt, Arab Rep.",279372758361.832,132,0.015151515151515152
EGY,2016,3,"Egypt, Arab Rep.",332791045963.807,137,0.021897810218978103
ERI,2004,1,Eritrea,1109054005.43971,5,0.2
ESP,1960,14,Spain,12072126075.397,250,0.056
ESP,1972,1,Spain,58971806626.9739,169,0.005917159763313609
ESP,1976,6,Spain,118185307386.222,171,0.03508771929824561
ESP,1980,24,Spain,232134606637.271,226,0.10619469026548672
ESP,1984,19,Spain,171635463361.623,282,0.0673758865248227
ESP,1988,5,Spain,375138723325.239,346,0.014450867052023121
ESP,1992,69,Spain,629202392003.901,582,0.11855670103092783
ESP,1996,66,Spain,640998292394.588,384,0.171875
ESP,2000,42,Spain,595402616546.895,431,0.09744779582366589
ESP,2004,30,Spain,1069555500372.49,423,0.07092198581560284
ESP,2008,70,Spain,1635015380108.39,355,0.19718309859154928
ESP,2012,63,Spain,1336018949805.58,339,0.18584070796460178
ESP,2016,45,Spain,1237255019653.86,363,0.12396694214876033
EST,2000,3,Estonia,5685774808.80862,41,0.07317073170731707
EST,2004,3,Estonia,12059201242.236,45,0.06666666666666667
EST,2008,3,Estonia,24194039255.8957,53,0.05660377358490566
EST,2012,2,Estonia,23043864510.0543,36,0.05555555555555555
EST,2016,4,Estonia,23337907618.5174,49,0.08163265306122448
ETH,1992,3,Ethiopia,10492993077.6093,24,0.125
ETH,1996,3,Ethiopia,8547939730.62374,19,0.15789473684210525
ETH,2000,8,Ethiopia,8242392103.68061,27,0.2962962962962963
ETH,2004,7,Ethiopia,10131187261.4421,27,0.25925925925925924
ETH,2008,7,Ethiopia,27066912635.2228,29,0.2413793103448276
ETH,2012,7,Ethiopia,43310721414.0829,34,0.20588235294117646
ETH,2016,8,Ethiopia,72374224249.3997,38,0.21052631578947367
FIN,1960,6,Finland,5224102195.52771,293,0.020477815699658702
FIN,1964,5,Finland,7766655085.78588,238,0.02100840336134454
FIN,1968,4,Finland,8823033880.32993,221,0.01809954751131222
FIN,1972,10,Finland,14754136507.0261,216,0.046296296296296294
FIN,1976,6,Finland,31873171718.726,187,0.03208556149732621
FIN,1980,9,Finland,53685049410.2646,210,0.04285714285714286
FIN,1984,12,Finland,52926394934.7052,187,0.06417112299465241
FIN,1988,4,Finland,109103056147.832,193,0.02072538860103627
FIN,1992,7,Finland,112625431377.754,244,0.028688524590163935
FIN,1996,4,Finland,132099404607.818,105,0.0380952380952381
FIN,2000,5,Finland,125539893126.958,88,0.056818181818181816
FIN,2004,2,Finland,196768065557.487,67,0.029850746268656716
FIN,2008,5,Finland,283742493042.332,70,0.07142857142857142
FIN,2012,5,Finland,256706466091.089,69,0.07246376811594203
FIN,2016,1,Finland,238502900311.9,67,0.014925373134328358
FRA,1960,12,France,62651474946.6007,418,0.028708133971291867
FRA,1964,31,France,94906593388.3107,264,0.11742424242424243
FRA,1968,27,France,129847107787.883,429,0.06293706293706294
FRA,1972,22,France,204283485045.514,425,0.05176470588235294
FRA,1976,20,France,373410270417.919,361,0.055401662049861494
FRA,1980,29,France,703525302701.025,244,0.11885245901639344
FRA,1984,67,France,532648802822.187,411,0.1630170316301703
FRA,1988,29,France,1023504019381.13,528,0.054924242424242424
FRA,1992,57,France,1408724907063.2,670,0.08507462686567165
FRA,1996,51,France,1614245416078.98,453,0.11258278145695365
FRA,2000,66,France,1368438363736.87,470,0.14042553191489363
FRA,2004,53,France,2124112242364.04,461,0.11496746203904555
FRA,2008,77,France,2923465651091.26,448,0.171875
FRA,2012,82,France,2681416108537.39,426,0.19248826291079812
FRA,2016,96,France,2465453975282.24,512,0.1875
GAB,2012,1,Gabon,17171446922.2104,21,0.047619047619047616
GBR,1960,28,United Kingdom,72328047042.1588,428,0.06542056074766354
GBR,1964,28,United Kingdom,93387598813.9269,366,0.07650273224043716
GBR,1968,19,United Kingdom,104702736248.084,392,0.04846938775510204
GBR,1972,29,United Kingdom,169965034965.035,504,0.057539682539682536
GBR,1976,32,United Kingdom,232614555256.065,423,0.07565011820330969
GBR,1980,47,United Kingdom,564947710899.373,404,0.11633663366336634
GBR,1984,71,United Kingdom,461487097632.349,587,0.12095400340715502
GBR,1988,54,United Kingdom,910122732123.799,567,0.09523809523809523
GBR,1992,50,United Kingdom,1179659529659.53,602,0.08305647840531562
GBR,1996,26,United Kingdom,1408781591263.65,391,0.06649616368286446
GBR,2000,54,United Kingdom,1647951278559.54,415,0.13012048192771083
GBR,2004,57,United Kingdom,2398555474185.28,360,0.15833333333333333
GBR,2008,81,United Kingdom,2890564338235.29,420,0.19285714285714287
GBR,2012,126,United Kingdom,2662085168498.93,684,0.18421052631578946
GBR,2016,145,United Kingdom,2647898654635.24,478,0.303347280334728
GEO,1996,2,Georgia,3094915505.9093,42,0.047619047619047616
GEO,2000,6,Georgia,3057453482.55826,47,0.1276595744680851
GEO,2004,4,Georgia,5125273880.74998,39,0.10256410256410256
GEO,2008,6,Georgia,12795044472.7663,38,0.15789473684210525
GEO,2012,7,Georgia,15846474595.773,36,0.19444444444444445
GEO,2016,7,Georgia,14378016729.1587,45,0.15555555555555556
GHA,1960,1,Ghana,1217230094.97205,15,0.06666666666666667
GHA,1964,1,Ghana,1731296199.52296,40,0.025
GHA,1972,1,Ghana,2112293279.98507,41,0.024390243902439025
GHA,1992,20,Ghana,6413901601.83066,41,0.4878048780487805
GUY,1980,1,Guyana,603200000,10,0.1
HKG,1996,1,"Hong Kong SAR, China",159717233621.659,32,0.03125
HKG,2004,2,"Hong Kong SAR, China",169099768875.193,42,0.047619047619047616
HKG,2012,1,"Hong Kong SAR, China",262629441493.476,55,0.01818181818181818
HUN,1992,45,Hungary,38724945367.8583,413,0.1089588377723971
HUN,1996,43,Hungary,46659796772.5473,315,0.1365079365079365
HUN,2000,53,Hungary,47310623887.2319,238,0.22268907563025211
HUN,2004,40,Hungary,104066609517.928,258,0.15503875968992248
HUN,2008,27,Hungary,157998423131.739,216,0.125
HUN,2012,26,Hungary,127856647107.82,201,0.12935323383084577
HUN,2016,22,Hungary,125816640420.569,204,0.10784313725490197
IND,1960,13,India,36535925029.925,49,0.2653061224489796
IND,1964,15,India,55726873075.8731,112,0.13392857142857142
IND,1968,16,India,52377324280,30,0.5333333333333333
IND,1972,14,India,70509913046.8528,43,0.32558139534883723
IND,1980,16,India,183839864648.794,78,0.20512820512820512
IND,1996,1,India,387656017799.599,54,0.018518518518518517
IND,2000,1,India,462146799336.77,70,0.014285714285714285
IND,2004,1,India,699688852930.441,81,0.012345679012345678
IND,2008,3,India,1186952757635.85,67,0.04477611940298507
IND,2012,6,India,1827637859135.7,95,0.06315789473684211
IND,2016,2,India,2263792499341.01,130,0.015384615384615385
IRL,1964,1,Ireland,2766608945.87402,35,0.02857142857142857
IRL,1980,3,Ireland,21773901116.6855,57,0.05263157894736842
IRL,1984,1,Ireland,20130728273.8603,55,0.01818181818181818
IRL,1992,2,Ireland,55985505158.7833,81,0.024691358024691357
IRL,1996,4,Ireland,75880630040.3226,99,0.04040404040404041
IRL,2000,1,Ireland,99853528745.1631,76,0.013157894736842105
IRL,2008,3,Ireland,275020018163.176,63,0.047619047619047616
IRL,2012,5,Ireland,225571857948.338,76,0.06578947368421052
IRL,2016,3,Ireland,304819020500.641,93,0.03225806451612903
IRQ,1960,1,Iraq,1684121534.58415,28,0.03571428571428571
ISL,1984,1,Iceland,2887825523.68452,45,0.022222222222222223
ISL,2000,1,Iceland,8946079678.43696,29,0.034482758620689655
ISL,2008,14,Iceland,17640375722.4448,31,0.45161290322580644
ISR,1992,2,Israel,75575902931.967,44,0.045454545454545456
ISR,1996,1,Israel,109957321960.084,38,0.02631578947368421
ISR,2000,1,Israel,132339311284.428,58,0.017241379310344827
ISR,2004,2,Israel,135445033199.465,46,0.043478260869565216
ISR,2008,1,Israel,215840354626.533,60,0.016666666666666666
ISR,2016,2,Israel,317744784695.1,59,0.03389830508474576
ITA,1960,88,Italy,40385288344.1911,460,0.19130434782608696
ITA,1964,51,Italy,63175417019.0094,349,0.14613180515759314
ITA,1968,33,Italy,87942231678.3505,347,0.09510086455331412
ITA,1972,25,Italy,144780887782.205,414,0.06038647342995169
ITA,1976,31,Italy,223976030937.427,406,0.07635467980295567
ITA,1980,37,Italy,475682506443.59,277,0.13357400722021662
ITA,1984,63,Italy,436443280912.497,485,0.12989690721649486
ITA,1988,29,Italy,888667913418.625,479,0.060542797494780795
ITA,1992,45,Italy,1315806985860.17,611,0.07364975450081833
ITA,1996,71,Italy,1308929351236.04,460,0.15434782608695652
ITA,2000,65,Italy,1141759996314.72,457,0.1422319474835886
ITA,2004,104,Italy,1798314750434.57,474,0.21940928270042195
ITA,2008,42,Italy,2390729163615.06,459,0.0915032679738562
ITA,2012,68,Italy,2072823157059.76,382,0.17801047120418848
ITA,2016,72,Italy,1858913163927.72,399,0.18045112781954886
JAM,1968,1,Jamaica,1083883355.33421,35,0.02857142857142857
JAM,1972,1,Jamaica,1875048859.93485,51,0.0196078431372549
JAM,1976,2,Jamaica,2966010229.8977,36,0.05555555555555555
JAM,1980,3,Jamaica,2679409453.23903,32,0.09375
JAM,1984,7,Jamaica,2373566957.49214,75,0.09333333333333334
JAM,1988,7,Jamaica,3828310734.97795,55,0.12727272727272726
JAM,1992,4,Jamaica,3530892749.02131,59,0.06779661016949153
JAM,1996,16,Jamaica,6504445801.34228,69,0.2318840579710145
JAM,2000,23,Jamaica,8929375580.31569,65,0.35384615384615387
JAM,2004,13,Jamaica,10150978154.5484,62,0.20967741935483872
JAM,2008,14,Jamaica,13678606692.2655,66,0.21212121212121213
JAM,2012,25,Jamaica,14800165406.7733,62,0.4032258064516129
JAM,2016,30,Jamaica,14056908749.3505,77,0.38961038961038963
JOR,2016,1,Jordan,38654727746.4789,8,0.125
JPN,1960,31,Japan,44307342950.4,351,0.08831908831908832
JPN,1964,62,Japan,81749006381.5111,541,0.11460258780036968
JPN,1968,63,Japan,146601072685.511,384,0.1640625
JPN,1972,56,Japan,316393344649.993,427,0.13114754098360656
JPN,1976,41,Japan,583142956487.974,415,0.09879518072289156
JPN,1984,49,Japan,1309740021609.74,440,0.11136363636363636
JPN,1988,20,Japan,3050637784817.52,525,0.0380952380952381
JPN,1992,47,Japan,3897826229662.86,528,0.08901515151515152
JPN,1996,42,Japan,4833712542207.1,448,0.09375
JPN,2000,44,Japan,4887519660744.86,363,0.12121212121212122
JPN,2004,93,Japan,4815148854362.11,414,0.2246376811594203
JPN,2008,51,Japan,5037908465114.48,457,0.11159737417943107
JPN,2012,84,Japan,6203213121334.12,399,0.21052631578947367
JPN,2016,64,Japan,4940158776617.16,436,0.14678899082568808
KAZ,1996,11,Kazakhstan,21035357832.8019,142,0.07746478873239436
KAZ,2000,7,Kazakhstan,18291990619.137,158,0.04430379746835443
KAZ,2004,8,Kazakhstan,43151647002.6096,130,0.06153846153846154
KAZ,2008,13,Kazakhstan,133441612246.798,146,0.08904109589041095
KAZ,2012,13,Kazakhstan,207998568865.789,132,0.09848484848484848
KAZ,2016,18,Kazakhstan,137278320084.171,123,0.14634146341463414
KEN,1964,1,Kenya,998759333.637333,41,0.024390243902439025
KEN,1968,12,Kenya,1353295457.51798,50,0.24
KEN,1972,12,Kenya,2107279157.38336,69,0.17391304347826086
KEN,1984,3,Kenya,6191437070.43467,67,0.04477611940298507
KEN,1988,9,Kenya,8355380879.12955,88,0.10227272727272728
KEN,1992,8,Kenya,8209129171.73649,55,0.14545454545454545
KEN,1996,8,Kenya,12045858436.2399,54,0.14814814814814814
KEN,2000,7,Kenya,12705357103.0056,59,0.11864406779661017
KEN,2004,7,Kenya,16095337093.8366,46,0.15217391304347827
KEN,2008,15,Kenya,35895153327.8497,47,0.3191489361702128
KEN,2012,11,Kenya,50412754821.9795,51,0.21568627450980393
KEN,2016,13,Kenya,70529014778.3251,80,0.1625
KGZ,2000,1,Kyrgyz Republic,1369693171.43504,71,0.014084507042253521
KGZ,2008,2,Kyrgyz Republic,5139957784.91084,22,0.09090909090909091
KOR,1964,3,"Korea, Rep.",3458518493.92483,256,0.01171875
KOR,1968,2,"Korea, Rep.",6117260075.90819,80,0.025
KOR,1972,1,"Korea, Rep.",10842220468.8335,54,0.018518518518518517
KOR,1976,17,"Korea, Rep.",29779338842.9752,60,0.2833333333333333
KOR,1984,41,"Korea, Rep.",96597434179.5082,278,0.1474820143884892
KOR,1988,77,"Korea, Rep.",196964195387.371,607,0.12685337726523888
KOR,1992,49,"Korea, Rep.",350051111253.443,379,0.12928759894459102
KOR,1996,66,"Korea, Rep.",598099073901.423,417,0.15827338129496402
KOR,2000,73,"Korea, Rep.",561633125839.994,359,0.20334261838440112
KOR,2004,52,"Korea, Rep.",764880644710.649,344,0.1511627906976744
KOR,2008,78,"Korea, Rep.",1002219052967.54,329,0.23708206686930092
KOR,2012,61,"Korea, Rep.",1222807284485.31,312,0.1955128205128205
KOR,2016,26,"Korea, Rep.",1411245589976.63,263,0.09885931558935361
LTU,1996,11,Lithuania,8385109020.28485,81,0.13580246913580246
LTU,2000,17,Lithuania,11539211480.3625,77,0.22077922077922077
LTU,2004,3,Lithuania,22649930576.2543,70,0.04285714285714286
LTU,2008,5,Lithuania,47850551148.8365,78,0.0641025641025641
LTU,2012,5,Lithuania,42847900765.8065,72,0.06944444444444445
LTU,2016,7,Lithuania,42738875963.3703,80,0.0875
MAR,1960,1,Morocco,2037150716.33238,111,0.009009009009009009
MAR,1984,2,Morocco,14824728528.4604,42,0.047619047619047616
MAR,1988,3,Morocco,25705296183.5037,35,0.08571428571428572
MAR,1992,3,Morocco,33711069430.78,68,0.04411764705882353
MAR,1996,2,Morocco,43161452678.4383,38,0.05263157894736842
MAR,2000,5,Morocco,38857251336.3448,55,0.09090909090909091
MAR,2004,3,Morocco,59626020162.3816,57,0.05263157894736842
MAR,2008,2,Morocco,92507257783.5697,49,0.04081632653061224
MAR,2012,1,Morocco,98266306615.3632,67,0.014925373134328358
MAR,2016,1,Morocco,103606321692.582,52,0.019230769230769232
MDA,1996,3,Moldova,1695130456.52174,50,0.06
MDA,2000,2,Moldova,1288429150.51394,35,0.05714285714285714
MDA,2008,1,Moldova,6054806100.84681,30,0.03333333333333333
MDA,2012,2,Moldova,7284686576.2835,20,0.1
MEX,1960,1,Mexico,13056168000,110,0.00909090909090909
MEX,1964,1,Mexico,20070136000,128,0.0078125
MEX,1968,9,Mexico,29363632000,446,0.020179372197309416
MEX,1972,1,Mexico,45178120000,281,0.0035587188612099642
MEX,1976,2,Mexico,89023915584.4156,137,0.014598540145985401
MEX,1980,10,Mexico,194356826086.957,74,0.13513513513513514
MEX,1984,6,Mexico,175632157330.155,158,0.0379746835443038
MEX,1988,2,Mexico,183144268180.018,165,0.012121212121212121
MEX,1992,1,Mexico,363609256195.677,174,0.005747126436781609
MEX,1996,1,Mexico,397404140458.457,111,0.009009009009009009
MEX,2000,6,Mexico,683647965226.955,98,0.061224489795918366
MEX,2004,4,Mexico,770267585947.191,137,0.029197080291970802
MEX,2008,4,Mexico,1101275278668.79,103,0.038834951456310676
MEX,2012,24,Mexico,1186598324461.82,119,0.20168067226890757
MEX,2016,5,Mexico,1046922702460.87,139,0.03597122302158273
MKD,2000,1,"Macedonia, FYR",3772851420.24763,15,0.06666666666666667
MNE,2012,14,Montenegro,4087724527.81704,34,0.4117647058823529
MOZ,1996,1,Mozambique,3523842274.89662,3,0.3333333333333333
MOZ,2000,1,Mozambique,5016469068.50898,4,0.25
NAM,1992,2,Namibia,3448326858.34502,10,0.2
NAM,1996,2,Namibia,3945340776.40546,10,0.2
NOR,1960,2,Norway,5163271598.15702,105,0.01904761904761905
NOR,1968,6,Norway,10159934136.7838,193,0.031088082901554404
NOR,1972,8,Norway,17358610849.701,275,0.02909090909090909
NOR,1976,6,Norway,35942270686.3374,160,0.0375
NOR,1984,4,Norway,62057955032.7758,229,0.017467248908296942
NOR,1988,22,Norway,101900260856.222,194,0.1134020618556701
NOR,1992,23,Norway,130838040067.584,270,0.08518518518518518
NOR,1996,23,Norway,163517783497.163,116,0.19827586206896552
NOR,2000,43,Norway,171315639982.731,115,0.3739130434782609
NOR,2004,7,Norway,264357494659.388,60,0.11666666666666667
NOR,2008,22,Norway,462554432624.114,102,0.21568627450980393
NOR,2012,17,Norway,510229136226.902,69,0.2463768115942029
NOR,2016,19,Norway,371076190476.19,77,0.24675324675324675
NZL,1960,3,New Zealand,5485854791.97096,59,0.05084745762711865
NZL,1964,6,New Zealand,7274144350.81809,88,0.06818181818181818
NZL,1968,7,New Zealand,5180597620.64135,80,0.0875
NZL,1972,14,New Zealand,9567331064.65727,118,0.11864406779661017
NZL,1976,25,New Zealand,13604832424.0062,111,0.22522522522522523
NZL,1984,23,New Zealand,21665456808.0473,171,0.13450292397660818
NZL,1988,24,New Zealand,45176167471.8196,131,0.183206106870229
NZL,1992,15,New Zealand,41649298170.9911,185,0.08108108108108109
NZL,1996,9,New Zealand,70140835299.0148,129,0.06976744186046512
NZL,2000,4,New Zealand,52623281956.7031,177,0.022598870056497175
NZL,2004,6,New Zealand,103905882352.941,184,0.03260869565217391
NZL,2008,15,New Zealand,133279679482.674,201,0.07462686567164178
NZL,2012,27,New Zealand,176192886551.397,204,0.1323529411764706
NZL,2016,36,New Zealand,184969146624.47,232,0.15517241379310345
PAK,1960,14,Pakistan,3707055900.88198,53,0.2641509433962264
PAK,1964,16,Pakistan,5130407727.84544,47,0.3404255319148936
PAK,1968,13,Pakistan,8090088555.2289,15,0.8666666666666667
PAK,1972,15,Pakistan,9309109764.07784,26,0.5769230769230769
PAK,1976,16,Pakistan,13338484979.798,24,0.6666666666666666
PAK,1984,16,Pakistan,31151824658.6524,33,0.48484848484848486
PAK,1988,1,Pakistan,38472741737.3968,33,0.030303030303030304
PAK,1992,16,Pakistan,48635176852.7673,28,0.5714285714285714
PAN,2008,1,Panama,24522200000,5,0.2
PER,1984,1,Peru,17599660054.286,44,0.022727272727272728
PER,1988,12,Peru,15439408447.2288,26,0.46153846153846156
PER,1992,1,Peru,36139225287.9079,21,0.047619047619047616
POL,1992,46,Poland,94337050693.2727,361,0.12742382271468145
POL,1996,22,Poland,159942880456.956,207,0.10628019323671498
POL,2000,24,Poland,171885598582.637,240,0.1
POL,2004,12,Poland,255102252843.395,224,0.05357142857142857
POL,2008,20,Poland,533815789473.684,316,0.06329113924050633
POL,2012,12,Poland,500284003684.372,256,0.046875
POL,2016,16,Poland,471364408713.956,289,0.05536332179930796
QAT,1992,1,Qatar,7646153983.51648,30,0.03333333333333333
QAT,2000,1,Qatar,17759890109.8901,19,0.05263157894736842
QAT,2012,2,Qatar,186833516483.516,14,0.14285714285714285
QAT,2016,1,Qatar,152451923076.923,42,0.023809523809523808
ROU,1988,58,Romania,40809523809.5238,197,0.29441624365482233
ROU,1992,53,Romania,25121666666.6667,368,0.14402173913043478
ROU,1996,38,Romania,37182938696.0752,284,0.13380281690140844
ROU,2000,46,Romania,37438527799.5302,252,0.18253968253968253
ROU,2004,39,Romania,76216441462.1442,193,0.20207253886010362
ROU,2008,22,Romania,208181626900.631,172,0.12790697674418605
ROU,2012,16,Romania,171664638717.49,155,0.1032258064516129
ROU,2016,16,Romania,187592037839.968,121,0.1322314049586777
RUS,1996,115,Russian Federation,391719993756.828,552,0.20833333333333334
RUS,2000,187,Russian Federation,259708496267.33,602,0.3106312292358804
RUS,2004,189,Russian Federation,591016690742.798,593,0.31871838111298484
RUS,2008,142,Russian Federation,1660844408499.61,600,0.23666666666666666
RUS,2012,140,Russian Federation,2210256976945.38,549,0.2550091074681239
RUS,2016,115,Russian Federation,1283162985989.3,406,0.2832512315270936
SEN,1988,1,Senegal,4985153202.5374,35,0.02857142857142857
SGP,1960,1,Singapore,704462302.365086,5,0.2
SGP,2008,3,Singapore,192225881687.752,36,0.08333333333333333
SGP,2012,4,Singapore,289162118908.538,36,0.1111111111111111
SGP,2016,1,Singapore,296975678610.206,32,0.03125
SRB,2008,15,Serbia,49259526052.7426,97,0.15463917525773196
SRB,2012,16,Serbia,40742313861.1374,134,0.11940298507462686
SRB,2016,54,Serbia,38299854688.1277,127,0.4251968503937008
SUR,1988,1,Suriname,1160900000,10,0.1
SUR,1992,1,Suriname,404600000,9,0.1111111111111111
SVK,1996,3,Slovak Republic,27821913814.9556,98,0.030612244897959183
SVK,2000,6,Slovak Republic,29114875621.8905,132,0.045454545454545456
SVK,2004,10,Slovak Republic,57240535137.8197,84,0.11904761904761904
SVK,2008,10,Slovak Republic,100324627215.468,67,0.14925373134328357
SVK,2012,5,Slovak Republic,93413992955.8972,65,0.07692307692307693
SVK,2016,8,Slovak Republic,89768598023.3903,63,0.12698412698412698
SWE,1960,7,Sweden,14842870293.4207,330,0.021212121212121213
SWE,1964,15,Sweden,21137242560.8543,278,0.0539568345323741
SWE,1968,9,Sweden,29143383490.5896,298,0.030201342281879196
SWE,1972,22,Sweden,48263914958.8443,287,0.07665505226480836
SWE,1976,10,Sweden,88102107647.0993,241,0.04149377593360996
SWE,1980,20,Sweden,140088635568.375,310,0.06451612903225806
SWE,1984,34,Sweden,107661673734.858,352,0.09659090909090909
SWE,1988,16,Sweden,204068257817.6,377,0.042440318302387266
SWE,1992,35,Sweden,280312318915.485,388,0.09020618556701031
SWE,1996,31,Sweden,288103936773.039,233,0.13304721030042918
SWE,2000,32,Sweden,259802012617.057,198,0.16161616161616163
SWE,2004,12,Sweden,381705425301.746,157,0.07643312101910828
SWE,2008,7,Sweden,513965650650.119,169,0.04142011834319527
SWE,2012,22,Sweden,543880647757.404,168,0.13095238095238096
SWE,2016,28,Sweden,514459972806.171,186,0.15053763440860216
SYR,1984,1,Syrian Arab Republic,17503082982.2832,9,0.1111111111111111
SYR,1996,1,Syrian Arab Republic,13789560878.2435,8,0.125
SYR,2004,1,Syrian Arab Republic,25086930693.0693,6,0.16666666666666666
THA,1976,1,Thailand,16985211146.0238,62,0.016129032258064516
THA,1984,1,Thailand,41797592963.4424,40,0.025
THA,1988,1,Thailand,61667199834.7428,15,0.06666666666666667
THA,1992,1,Thailand,111452869378.467,64,0.015625
THA,1996,2,Thailand,183035154107.494,58,0.034482758620689655
THA,2000,3,Thailand,126392308497.749,68,0.04411764705882353
THA,2004,8,Thailand,172895476152.592,51,0.1568627450980392
THA,2008,4,Thailand,291383081231.82,53,0.07547169811320754
THA,2012,3,Thailand,397559992407.45,43,0.06976744186046512
THA,2016,6,Thailand,407026127310.434,58,0.10344827586206896
TJK,2008,2,Tajikistan,5161336170.46084,16,0.125
TJK,2012,1,Tajikistan,7633049792.09321,16,0.0625
TJK,2016,1,Tajikistan,6951657158.90093,7,0.14285714285714285
TTO,1964,6,Trinidad and Tobago,711893367.55527,18,0.3333333333333333
TTO,1976,1,Trinidad and Tobago,2500410583.79177,20,0.05
TTO,1996,2,Trinidad and Tobago,5759537726.26601,16,0.125
TTO,2000,2,Trinidad and Tobago,8154338232.95978,29,0.06896551724137931
TTO,2004,1,Trinidad and Tobago,13280275123.0354,26,0.038461538461538464
TTO,2008,6,Trinidad and Tobago,27870257894.2347,35,0.17142857142857143
TTO,2012,10,Trinidad and Tobago,25694164489.2373,38,0.2631578947368421
TTO,2016,1,Trinidad and Tobago,21894706041.2353,43,0.023255813953488372
TUN,1968,2,Tunisia,1214666666.66667,8,0.25
TUN,1972,1,Tunisia,2237476420.03773,37,0.02702702702702703
TUN,1996,1,Tunisia,19587322786.1105,52,0.019230769230769232
TUN,2008,1,Tunisia,44856586316.0458,29,0.034482758620689655
TUN,2012,3,Tunisia,45044112939.3687,87,0.034482758620689655
TUN,2016,3,Tunisia,42062549394.7859,65,0.046153846153846156
TUR,1960,9,Turkey,13995067817.5092,64,0.140625
TUR,1964,6,Turkey,11177777777.7778,37,0.16216216216216217
TUR,1968,2,Turkey,17500000000,50,0.04
TUR,1972,1,Turkey,20431095406.3604,50,0.02
TUR,1984,3,Turkey,59989909457.8379,73,0.0410958904109589
TUR,1988,2,Turkey,90852814004.9917,70,0.02857142857142857
TUR,1992,6,Turkey,158459130434.783,71,0.08450704225352113
TUR,1996,6,Turkey,181475555282.555,61,0.09836065573770492
TUR,2000,5,Turkey,272979390595.01,67,0.07462686567164178
TUR,2004,11,Turkey,404786740091.196,74,0.14864864864864866
TUR,2008,7,Turkey,764335657318.479,71,0.09859154929577464
TUR,2012,5,Turkey,873981786532.072,119,0.04201680672268908
TUR,2016,8,Turkey,863711710426.514,119,0.06722689075630252
UGA,1968,2,Uganda,1037815126.05042,14,0.14285714285714285
UGA,1972,2,Uganda,1491596638.6554599,35,0.05714285714285714
UGA,1980,1,Uganda,1244610000,16,0.0625
UGA,1996,1,Uganda,6044585326.938,12,0.08333333333333333
UGA,2012,1,Uganda,23132149256.9744,16,0.0625
UKR,1996,34,Ukraine,44558077827.135,351,0.09686609686609686
UKR,2000,35,Ukraine,31261527363.144,368,0.09510869565217392
UKR,2004,47,Ukraine,64883060725.7003,357,0.13165266106442577
UKR,2008,31,Ukraine,179992405832.321,327,0.09480122324159021
UKR,2012,26,Ukraine,175781379051.433,304,0.08552631578947369
UKR,2016,15,Ukraine,93270479388.5243,272,0.05514705882352941
USA,1960,125,United States,543300000000,533,0.23452157598499063
USA,1964,169,United States,685800000000,619,0.2730210016155089
USA,1968,166,United States,942500000000,664,0.25
USA,1972,171,United States,1282449000000,725,0.23586206896551723
USA,1976,164,United States,1877587000000,705,0.2326241134751773
USA,1984,352,United States,4040693000000,849,0.41460541813898705
USA,1988,207,United States,5252629000000,912,0.22697368421052633
USA,1992,224,United States,6539299000000,968,0.23140495867768596
USA,1996,259,United States,8100201000000,839,0.30870083432657924
USA,2000,242,United States,10284779000000,764,0.31675392670157065
USA,2004,263,United States,12274928000000,726,0.3622589531680441
USA,2008,317,United States,14718582000000,763,0.41546526867627787
USA,2012,248,United States,16155255000000,689,0.3599419448476052
USA,2016,264,United States,18624475000000,719,0.3671766342141864
UZB,1996,2,Uzbekistan,13948892215.5689,95,0.021052631578947368
UZB,2000,4,Uzbekistan,13760374487.51,85,0.047058823529411764
UZB,2004,5,Uzbekistan,12030023547.8807,79,0.06329113924050633
UZB,2008,6,Uzbekistan,29549438883.8338,69,0.08695652173913043
UZB,2012,3,Uzbekistan,51821573338.1312,56,0.05357142857142857
UZB,2016,13,Uzbekistan,67220335569.6147,80,0.1625
VEN,1960,1,"Venezuela, RB",8736939393.93939,54,0.018518518518518517
VEN,1968,1,"Venezuela, RB",11343444444.4444,30,0.03333333333333333
VEN,1976,1,"Venezuela, RB",36187023255.814,56,0.017857142857142856
VEN,1980,1,"Venezuela, RB",67018023255.814,43,0.023255813953488372
VEN,1984,3,"Venezuela, RB",56091900000,44,0.06818181818181818
VEN,2004,2,"Venezuela, RB",112453382329.615,53,0.03773584905660377
VEN,2008,1,"Venezuela, RB",315953388510.678,126,0.007936507936507936
VEN,2012,1,"Venezuela, RB",381286237847.667,85,0.011764705882352941
